id,user_id,category,review_type,title,excerpt,body,customer_type,destination_country,destination_city,tags,travel_month,displayed_date,rating_label,thumbnail_url,is_featured,display_order,status,rejection_reason,source_type,approved_at,approved_by,published_at,created_at,updated_at
9b1deb4d-3b7d-4bad-9bdd-2b0d7b3dcb6d,a1b2c3d4-e5f6-4a5b-8c9d-0e1f2a3b4c5d,overseas,executive_group,"최고경영자 모임으로 다녀온 큐슈 여행, 동선과 식사 만족도가 높았습니다",20명의 인원이 이동하기에 최적화된 동선과 품격 있는 식사가 인상적이었습니다.,"대표님들이 모이는 자리라 식사와 숙소의 품격에 신경을 많이 썼는데 기대 이상이었습니다. 대형 버스 이동 중에도 가이드의 노련한 진행 덕분에 원우들 간의 대화 시간이 충분히 보장되었습니다. 전 일정 동안 불편함 없이 매끄럽게 운영된 점에 감사드립니다.",최고경영자모임,일본,큐슈,"[""최고경영자모임"", ""친목여행"", ""20명여행""]",2025-05-12,2025-05-15,4.9,,True,0,approved,,manual_admin,2025-05-15 10:00:00,admin,2025-05-15 10:05:00,2025-05-15 09:30:00,2025-05-15 10:00:00
7c2e9f5a-1d8c-4b9a-8e2f-3a4b5c6d7e8f,b2c3d4e5-f6g7-4h8i-9j0k-1l2m3n4o5p6q,overseas,hiking_group,"산악회 일정으로 떠난 스위스, 자연경관과 일정 구성이 모두 좋았습니다",회원들의 연령대를 고려한 완만한 트레킹 코스와 안전한 이동이 돋보였습니다.,"40여 명의 대규모 인원이었지만 전문 인솔자의 통제하에 안전하게 일정을 마쳤습니다. 스위스 알프스의 풍경을 즐기기에 무리 없는 트레킹 코스 배분이 훌륭했습니다. 숙소 컨디션과 한국인을 배려한 식단 구성도 만족스러웠습니다.",산악회,스위스,인터라켄,"[""산악회"", ""자연경관"", ""일정안정""]",2025-06-20,2025-06-25,4.8,,False,1,approved,,manual_admin,2025-06-25 14:00:00,admin,2025-06-25 14:10:00,2025-06-25 11:00:00,2025-06-25 14:00:00
d3f4e5a6-b7c8-4d9e-0f1a-2b3c4d5e6f7g,c3d4e5f6-g7h8-4i9j-0k1l-2m3n4o5p6q7r,overseas,couple_group,"부부동반 모임으로 다녀온 홋카이도, 편안하게 쉬고 오기 좋은 일정이었습니다",부부 10쌍이 함께한 여행이었는데 숙소의 독립성과 공용 시간 배분이 적절했습니다.,"부부들끼리의 오붓한 시간과 단체 활동이 균형 있게 구성되어 피로감이 적었습니다. 홋카이도 특유의 신선한 해산물 요리와 온천 숙소의 퀄리티가 참석자들 사이에서 호평을 받았습니다. 차량 이동 시간이 길지 않도록 효율적으로 배치된 동선이 특히 좋았습니다.",부부동반모임,일본,홋카이도,"[""부부동반모임"", ""휴양여행"", ""식사만족""]",2025-11-15,2025-11-20,5.0,,True,2,approved,,manual_admin,2025-11-20 16:30:00,admin,2025-11-20 16:45:00,2025-11-20 15:00:00,2025-11-20 16:30:00
e4f5g6h7-i8j9-4k0l-1m2n-3o4p5q6r7s8t,d4e5f6g7-h8i9-4j0k-1l2m-3n4o5p6q7r8s,overseas,business_group,"상인회 회원들과 함께한 베트남 다낭 연수, 단체 진행이 매우 원활했습니다",30명 규모의 상인회 단체 여행에서 가장 중요한 식당 예약과 차량 배차가 완벽했습니다.,"대인원을 수용할 수 있는 현지 식당들이 미리 섭외되어 대기 시간 없이 식사가 가능했습니다. 연수 목적에 맞는 시장 방문과 자유시간이 적절히 섞여 회원들의 참여도가 높았습니다. 가이드의 유연한 대처로 돌발 상황 없이 일정을 마무리했습니다.",상인회,베트남,다낭,"[""상인회"", ""단체연수"", ""30명여행""]",2025-03-10,2025-03-15,4.7,,False,3,approved,,manual_admin,2025-03-15 11:00:00,admin,2025-03-15 11:20:00,2025-03-15 10:00:00,2025-03-15 11:00:00
f5g6h7i8-j9k0-4l1m-2n3o-4p5q6r7s8t9u,e5f6g7h8-i9j0-4k1l-2m3n-4o5p6q7r8s9t,domestic,alumni_group,"대학원 동문 모임 제주 여행, 쾌적한 이동과 맛집 탐방이 즐거웠습니다",동문 15명과 함께한 제주 여행은 렌터카 대신 전용 버스를 이용해 훨씬 편리했습니다.,"동문들끼리 술잔을 기울일 수 있도록 전용 차량을 지원받아 이동 시 걱정이 없었습니다. 현지인들이 찾는 진짜 맛집들로만 구성된 식사 코스 덕분에 입이 즐거운 여행이었습니다. 숙소 앞 바다 산책로와 여유로운 조식 시간까지 모두 완벽한 배려였습니다.",대학원동문모임,한국,제주,"[""대학원동문모임"", ""친목여행"", ""15명여행""]",2025-04-22,2025-04-25,4.9,,True,4,approved,,manual_admin,2025-04-25 09:00:00,admin,2025-04-25 09:15:00,2025-04-25 08:30:00,2025-04-25 09:00:00
g6h7i8j9-k0l1-4m2n-3o4p-5q6r7s8t9u0v,f6g7h8i9-j0k1-4l2m-3n4o-5p6q7r8s9t0u,overseas,executive_group,"최고경영자과정 원우회 이탈리아 문화 기행, 인솔자의 전문성이 빛났습니다",역사와 예술을 아우르는 깊이 있는 일정으로 원우님들의 지적 만족도를 충족시켰습니다.,"로마와 피렌체 일정이 매우 체계적으로 짜여 있어 짧은 시간에도 많은 것을 보고 느꼈습니다. 단체 이동임에도 불구하고 각 명소에서 충분한 설명과 자유 감상 시간이 주어져 좋았습니다. 호텔의 위치와 저녁 연회 장소의 분위기가 매우 고급스러워 만족도가 컸습니다.",최고경영자과정모임,이탈리아,로마,"[""최고경영자과정모임"", ""문화탐방"", ""품격여행""]",2026-05-18,2026-05-28,5.0,,True,5,approved,,manual_admin,2026-05-28 17:00:00,admin,2026-05-28 17:30:00,2026-05-28 16:00:00,2026-05-28 17:00:00
h7i8j9k0-l1m2-4n3o-4p5q-6r7s8t9u0v1w,g7h8i9j0-k1l2-4m3n-4o5p-6q7r8s9t0u1v,overseas,senior_group,"시니어 모임으로 다녀온 후쿠오카 온천 여행, 부모님들도 만족하셨습니다",이동 거리를 최소화한 동선과 온천 중심의 일정이 어르신들께 딱 맞았습니다.,"어르신들이 걷기에 무리가 없도록 관광지 바로 앞까지 차량이 진입하는 점이 매우 편리했습니다. 식사마다 자극적이지 않고 건강한 현지식으로 구성되어 모든 회원분이 식사를 즐기셨습니다. 가이드의 세심한 보살핌 덕분에 안전 사고 없이 기분 좋게 다녀왔습니다.",시니어모임,일본,후쿠오카,"[""시니어모임"", ""힐링여행"", ""온천여행""]",2025-09-02,2025-09-07,4.8,,False,6,approved,,manual_admin,2025-09-07 10:30:00,admin,2025-09-07 10:45:00,2025-09-07 09:00:00,2025-09-07 10:30:00
i8j9k0l1-m2n3-4o4p-5q6r-7s8t9u0v1w2x,h8i9j0k1-l2m3-4n4o-5p6q-7r8s9t0u1v2w,overseas,association,"협회 정기 워크숍 싱가포르 투어, 비즈니스와 관광의 완벽한 조화",40명 협회원들의 다양한 요구사항을 모두 반영한 유연한 일정 운영이 좋았습니다.,"세미나 장소 섭외부터 기술 장비 지원까지 꼼꼼하게 챙겨주셔서 행사 진행이 수월했습니다. 공식 일정 이후의 나이트 사파리와 루프탑 만찬은 회원들 간의 네트워크를 공고히 하는 데 큰 역할을 했습니다. 싱가포르 도심 이동 시 대기 없는 차량 운영이 특히 인상적이었습니다.",협회모임,싱가포르,싱가포르,"[""협회모임"", ""워크숍"", ""40명여행""]",2026-01-14,2026-01-20,4.8,,False,7,approved,,manual_admin,2026-01-20 13:00:00,admin,2026-01-20 13:15:00,2026-01-20 12:00:00,2026-01-20 13:00:00
j9k0l1m2-n3o4-4p5q-6r7s-8t9u0v1w2x3y,i9j0k1l2-m3n4-4o5p-6q7r-8s9t0u1v2w3x,overseas,small_group,"대학원 동기들과 떠난 푸켓 휴양 여행, 일정 조율이 매우 자유로웠습니다",공통 일정은 최소화하고 팀별 자유시간을 극대화하여 모두의 만족도를 높였습니다.,"동기들끼리 조용히 쉬고 싶어 빌라 위주로 숙소를 잡았는데 위치와 서비스 모두 훌륭했습니다. 현지에서 먹고 싶은 메뉴를 즉석에서 반영해주는 가이드의 유연한 서비스에 감동받았습니다. 단체 여행 특유의 압박감 없이 즐긴 진짜 휴가 같은 시간이었습니다.",대학원모임,태국,푸켓,"[""대학원모임"", ""휴양여행"", ""일정안정""]",2025-07-22,2025-07-27,4.9,,False,8,approved,,manual_admin,2025-07-27 15:00:00,admin,2025-07-27 15:20:00,2025-07-27 14:00:00,2025-07-27 15:00:00
k0l1m2n3-o4p5-4q6r-7s8t-9u0v1w2x3y4z,j0k1l2m3-n4o5-4p6q-7r8s-9t0u1v2w3x4y,overseas,executive_group,"최고경영자 모임 오사카 미식 투어, 식당 섭외 능력이 탁월했습니다",평소 예약하기 힘든 현지 유명 맛집들을 대기 없이 이용할 수 있어 편리했습니다.,"미식에 조예가 깊은 대표님들을 모시는 여행이라 식단 구성에 공을 들였는데 결과적으로 대성공이었습니다. 이동 동선이 짧으면서도 오사카의 핵심을 짚어주는 가이드의 설명이 매우 유익했습니다. 숙소 컨디션과 야간의 자유로운 개별 활동 지원까지 세심하게 배려해주었습니다.",최고경영자모임,일본,오사카,"[""최고경영자모임"", ""미식여행"", ""20명여행""]",2025-12-05,2025-12-10,5.0,,True,9,approved,,manual_admin,2025-12-10 11:00:00,admin,2025-12-10 11:15:00,2025-12-10 10:00:00,2025-12-10 11:00:00
l1m2n3o4-p5q6-4r7s-8t9u-0v1w2x3y4z5a,k1l2m3n4-o5p6-4q7r-8s9t-0u1v2w3x4y5z,overseas,business_group,"사업자 모임 대만 타이베이 투어, 효율적인 시찰과 관광이 좋았습니다",짧은 일정 속에 비즈니스 시찰과 현지 관광을 조화롭게 녹여낸 점이 인상적이었습니다.,"현지 유통 센터 시찰 일정이 매끄럽게 진행되었고 이후의 관광 동선도 겹치지 않아 효율적이었습니다. 저녁에는 참석자들 간의 정보 공유를 위한 조용한 연회 장소를 제공해주어 목적을 달성하는 데 도움이 되었습니다. 대만 특유의 야시장 문화를 안전하게 경험할 수 있도록 가이드가 잘 이끌어주었습니다.",사업자모임,대만,타이베이,"[""사업자모임"", ""시찰여행"", ""일정관리""]",2026-03-30,2026-04-05,4.8,,False,10,approved,,manual_admin,2026-04-05 09:30:00,admin,2026-04-05 09:40:00,2026-04-05 08:00:00,2026-04-05 09:30:00
m2n3o4p5-q6r7-4s8t-9u0v-1w2x3y4z5a6b,l2m3n4o5-p6q7-4r8s-9t0u-1v2w3x4y5z6a,overseas,hiking_group,"산악회 회원들과 함께한 뉴질랜드 퀸스타운, 대자연의 감동을 느꼈습니다",하이킹 코스 선정부터 도시락 하나까지 등산 동호인의 니즈를 정확히 파악했습니다.,"퀸스타운의 절경을 배경으로 한 하이킹 코스는 난이도가 적절하여 회원들이 매우 즐거워했습니다. 전용 차량 내부에 등산 스틱과 여분의 생수를 상시 비치해두는 세심함에 감탄했습니다. 일정 중 진행된 양떼 목장 방문과 번지점프 관람도 신선한 재미를 주었습니다.",산악회,뉴질랜드,퀸스타운,"[""산악회"", ""자연경관"", ""30명여행""]",2026-02-15,2026-02-22,4.9,,True,11,approved,,manual_admin,2026-02-22 15:00:00,admin,2026-02-22 15:15:00,2026-02-22 14:00:00,2026-02-22 15:00:00
n3o4p5q6-r7s8-4t9u-0v1w-2x3y4z5a6b7c,m3n4o5p6-q7r8-4s9t-0u1v-2w3x4y5z6a7b,overseas,couple_group,"부부동반 모임 방콕/파타야 여행, 여유로운 휴식과 미식이 가득했습니다",부부들이 선호하는 마사지 투어와 루프탑 디너 일정이 완벽하게 배치되었습니다.,"파타야의 프라이빗한 풀빌라 숙소 덕분에 부부들만의 오붓한 시간을 가질 수 있었습니다. 가이드가 추천해준 태국 전통 요리들이 향신료가 강하지 않아 모두가 맛있게 식사했습니다. 단체 이동 중에도 개별 쇼핑 시간을 충분히 할당해주어 만족도가 높았습니다.",부부동반모임,태국,방콕,"[""부부동반모임"", ""휴양여행"", ""식사만족""]",2025-02-14,2025-02-20,4.7,,False,12,approved,,manual_admin,2025-02-20 10:00:00,admin,2025-02-20 10:10:00,2025-02-20 09:00:00,2025-02-20 10:00:00
o4p5q6r7-s8t9-4u0v-1w2x-3y4z5a6b7c8d,n4o5p6q7-r8s9-4t0u-1v2w-3x4y5z6a7b8c,domestic,alumni_group,"동문회 부산 1박 2일 나들이, 30명 대인원 관리가 매끄러웠습니다",부산의 복잡한 교통 상황에서도 전용 대형 버스 덕분에 쾌적하게 이동했습니다.,"해운대 바다가 한눈에 보이는 숙소와 부산 명물 횟집에서의 저녁 식사가 훌륭했습니다. 30명의 동문이 동시에 움직였지만 집결 시간과 장소가 명확히 안내되어 혼선이 없었습니다. 야간 요트 투어는 이번 여행의 백미로 모두에게 잊지 못할 추억이 되었습니다.",동문회,한국,부산,"[""동문회"", ""친목여행"", ""30명여행""]",2025-10-25,2025-10-27,4.8,,False,13,approved,,manual_admin,2025-10-27 12:00:00,admin,2025-10-27 12:15:00,2025-10-27 11:00:00,2025-10-27 12:00:00
p5q6r7s8-t9u0-4v1w-2x3y-4z5a6b7c8d9e,o5p6q7r8-s9t0-4u1v-2w3x-4y5z6a7b8c9d,domestic,senior_group,"시니어 동창회 강릉 여행, 무리 없는 동선과 맛깔나는 한식이 좋았습니다",어르신들의 체력을 배려한 여유로운 커피 거리 산책과 정갈한 한정식이 인상적이었습니다.,"오랜만에 만난 동창들과 바다를 보며 담소를 나누기에 충분한 시간이 주어져 만족스러웠습니다. 이동 중간에 들른 지역 시장 투어도 인솔자의 안내 덕분에 안전하고 즐겁게 구경했습니다. 숙소가 깨끗하고 접근성이 좋아 어르신들이 이동하기에 매우 편리했습니다.",시니어모임,한국,강릉,"[""시니어모임"", ""힐링여행"", ""식사만족""]",2025-11-03,2025-11-05,4.9,,False,14,approved,,manual_admin,2025-11-05 16:00:00,admin,2025-11-05 16:15:00,2025-11-05 15:00:00,2025-11-05 16:00:00
q6r7s8t9-u0v1-4w2x-3y4z-5a6b7c8d9e0f,p6q7r8s9-t0u1-4v2w-3x4y-5z6a7b8c9d0e,overseas,executive_group,"최고경영자과정 밀라노 패션/디자인 연수, 고품격 서비스에 감동했습니다",밀라노 디자인 위크에 맞춰 진행된 이번 연수는 숙소와 식당의 수준이 남달랐습니다.,"세계적인 디자인 트렌드를 접하는 일정답게 호텔 인테리어와 위치가 최고 수준이었습니다. 이동 중 제공된 차량의 안락함과 현지 소믈리에가 진행한 와인 만찬이 원우님들께 큰 호응을 얻었습니다. 복잡한 전시회장 내에서도 질서 있게 이동할 수 있도록 잘 가이드해주셨습니다.",최고경영자과정모임,이탈리아,밀라노,"[""최고경영자과정모임"", ""비즈니스연수"", ""품격여행""]",2026-10-09,2026-10-18,5.0,,True,15,approved,,manual_admin,2026-10-18 10:00:00,admin,2026-10-18 10:20:00,2026-10-18 09:30:00,2026-10-18 10:00:00
r7s8t9u0-v1w2-4x3y-4z5a-6b7c8d9e0f1g,q7r8s9t0-u1v2-4w3x-4y5z-6a7b8c9d0e1f,overseas,association,"협회 이사회 쿠알라룸푸르 워크숍, 집중도 높은 환경이 좋았습니다",업무 회의와 팀 빌딩 액티비티가 적절히 섞여 협회 운영 방안 논의가 활발히 진행되었습니다.,"조용한 리조트 내 회의실과 장비 지원이 완벽하여 이사회 본연의 업무에 집중할 수 있었습니다. 오후에 진행된 시티 투어와 바투 동굴 방문은 적당한 휴식과 볼거리를 제공했습니다. 현지 음식과 한식을 조화롭게 구성한 식단 덕분에 참석자들의 건강 관리도 수월했습니다.",협회모임,말레이시아,쿠알라룸푸르,"[""협회모임"", ""워크숍"", ""일정관리""]",2025-08-19,2025-08-25,4.8,,False,16,approved,,manual_admin,2025-08-25 14:00:00,admin,2025-08-25 14:15:00,2025-08-25 13:00:00,2025-08-25 14:00:00
s8t9u0v1-w2x3-4y4z-5a6b-7c8d9e0f1g2h,r8s9t0u1-v2w3-4x4y-5z6a-7b8c9d0e1f2g,overseas,business_group,"상인회 대만 가오슝 시장 시찰 여행, 실질적인 도움이 되었습니다",가오슝의 전통 시장과 야시장을 체계적으로 방문하며 우리 사업장 적용 방안을 논의했습니다.,"현지 가이드가 대만 시장의 특성을 잘 설명해주어 상인회원들이 많은 통찰을 얻었습니다. 이동 시 단체용 버스가 대기하고 있어 무더운 날씨에도 쾌적하게 시찰을 이어갈 수 있었습니다. 저녁에는 회원들끼리 맥주 한잔하며 화합을 다질 수 있는 장소를 마련해주어 좋았습니다.",상인회,대만,가오슝,"[""상인회"", ""시장시찰"", ""화합여행""]",2026-04-05,2026-04-10,4.7,,False,17,approved,,manual_admin,2026-04-10 11:30:00,admin,2026-04-10 11:45:00,2026-04-10 10:00:00,2026-04-10 11:30:00
t9u0v1w2-x3y4-4z5a-6b7c-8d9e0f1g2h3i,s9t0u1v2-w3x4-4y5z-6a7b-8c9d0e1f2g3h,domestic,small_group,"소규모 단체 여수 밤바다 우정 여행, 10명이 즐기기에 딱이었습니다",10인승 밴을 이용해 여수 골목골목의 맛집들을 편리하게 방문했습니다.,"대형 버스가 가기 힘든 여수 시내의 숨은 명소들을 가이드의 안내로 편하게 구경했습니다. 오션뷰 풀빌라 숙소에서의 하룻밤은 친구들 모두가 만족해하는 선택이었습니다. 케이블카와 향일암 동선이 겹치지 않게 잘 조율되어 피로감 없이 즐겼습니다.",소규모단체,한국,여수,"[""소규모단체"", ""우정여행"", ""10명여행""]",2025-05-25,2025-05-28,4.9,,False,18,approved,,manual_admin,2025-05-28 09:00:00,admin,2025-05-28 09:10:00,2025-05-28 08:30:00,2025-05-28 09:00:00
u0v1w2x3-y4z5-4a6b-7c8d-9e0f1g2h3i4j,t0u1v2w3-x4y5-4z6a-7b8c-9d0e1f2g3h4i,overseas,executive_group,"최고경영자 모임 스위스 취리히 힐링 투어, 자연 속 여유가 넘쳤습니다",스위스의 맑은 공기와 함께한 이번 여행은 대표님들께 진정한 휴식을 선사했습니다.,"취리히 호수가 보이는 럭셔리 호텔에서의 숙박은 참석하신 분들의 품격에 걸맞은 선택이었습니다. 루체른 리기산 방문 시 VIP 전용 케이블카를 지원받아 대기 없이 편리하게 이동했습니다. 일정 중간중간 마련된 티타임과 자유 산책 시간이 매우 여유롭고 좋았습니다.",최고경영자모임,스위스,취리히,"[""최고경영자모임"", ""힐링투어"", ""품격여행""]",2026-07-12,2026-07-20,5.0,,True,19,approved,,manual_admin,2026-07-20 17:00:00,admin,2026-07-20 17:20:00,2026-07-20 16:00:00,2026-07-20 17:00:00
v1w2x3y4-z5a6-4b7c-8d9e-0f1g2h3i4j5k,u1v2w3x4-y5z6-4a7b-8c9d-0e1f2g3h4i5j,domestic,hiking_group,"산악회 정기 원정 제주 한라산 트레킹, 안전하고 즐거웠습니다",등산 코스 선정부터 하산 후 뒤풀이 장소까지 모든 동선이 완벽했습니다.,"한라산 등반 허가 신청부터 차량 대기까지 꼼꼼하게 챙겨주셔서 회원들이 산행에만 집중할 수 있었습니다. 하산 시간에 맞춰 준비된 따뜻한 전골 요리는 회원들의 피로를 말끔히 씻어주었습니다. 40명의 대인원을 질서 있게 이끌어준 전문 산악 가이드의 노련함이 돋보였습니다.",산악회,한국,제주,"[""산악회"", ""한라산트레킹"", ""40명여행""]",2025-04-20,2025-04-23,4.8,,False,20,approved,,manual_admin,2025-04-23 10:00:00,admin,2025-04-23 10:15:00,2025-04-23 09:00:00,2025-04-23 10:00:00
w2x3y4z5-a6b7-4c8d-9e0f-1g2h3i4j5k6l,v2w3x4y5-z6a7-4b8c-9d0e-1f2g3h4i5j6k,overseas,couple_group,"부부동반 모임 이탈리아 피렌체 예술 여행, 잊지 못할 추억이 되었습니다",예술의 도시 피렌체에서 보낸 부부들의 럭셔리한 휴식과 관광이 조화로웠습니다.,"우피치 미술관 도슨트 투어가 매우 전문적이어서 평소 예술에 관심 많던 부부들이 크게 만족했습니다. 저녁에는 토스카나 와이너리에서 진행된 만찬이 분위기와 맛 모두 훌륭했습니다. 단체 이동임에도 불구하고 각 부부의 개별 자유 시간을 배려해준 유연한 운영이 좋았습니다.",부부동반모임,이탈리아,피렌체,"[""부부동반모임"", ""예술여행"", ""와이너리투어""]",2026-09-15,2026-09-25,4.9,,False,21,approved,,manual_admin,2026-09-25 15:00:00,admin,2026-09-25 15:20:00,2026-09-25 14:00:00,2026-09-25 15:00:00
x3y4z5a6-b7c8-4d9e-0f1g-2h3i4j5k6l7m,w3x4y5z6-a7b8-4c9d-0e1f-2g3h4i5j6k7l,overseas,alumni_group,"대학원 동문회 태국 치앙마이 워크숍, 자연 속의 쉼표 같았습니다",치앙마이의 한적한 분위기 속에서 진행된 동문들의 화합 시간이 매우 뜻깊었습니다.,"도심을 벗어난 숲속 리조트 숙박은 동문들끼리 밤늦게까지 담소를 나누기에 최적의 장소였습니다. 오전의 짧은 세미나 이후 진행된 요가와 쿠킹 클래스는 참석자들에게 신선한 즐거움을 주었습니다. 대규모 인원이었지만 식사 장소마다 넉넉한 공간이 확보되어 쾌적했습니다.",대학원동문모임,태국,치앙마이,"[""대학원동문모임"", ""친목여행"", ""25명여행""]",2025-12-28,2026-01-05,4.8,,False,22,approved,,manual_admin,2026-01-05 11:00:00,admin,2026-01-05 11:15:00,2026-01-05 10:00:00,2026-01-05 11:00:00
y4z5a6b7-c8d9-4e0f-1g2h-3i4j5k6l7m8n,x4y5z6a7-b8c9-4d0e-1f2g-3h4i5j6k7l8m,overseas,senior_group,"시니어 모임 도쿄 온천 및 시티 투어, 무리 없는 동선이 일품이었습니다",도쿄 시내의 복잡함을 피해 여유롭게 짠 일정 덕분에 어르신들이 지치지 않으셨습니다.,"황궁 주변 산책과 하코네 온천 일정이 적절히 섞여 시니어 회원들의 선호도가 매우 높았습니다. 가이드가 한국어와 일본어에 능숙할 뿐만 아니라 어르신들을 대하는 태도가 정중하여 믿음이 갔습니다. 숙소 근처에 병원과 편의시설이 잘 갖춰진 곳을 선정해준 세심함이 돋보였습니다.",시니어모임,일본,도쿄,"[""시니어모임"", ""온천휴양"", ""동선안정""]",2026-02-10,2026-02-15,4.7,,False,23,approved,,manual_admin,2026-02-15 13:30:00,admin,2026-02-15 13:45:00,2026-02-15 12:00:00,2026-02-15 13:30:00
z5a6b7c8-d9e0-4f1g-2h3i-4j5k6l7m8n9o,y5z6a7b8-c9d0-4e1f-2g3h-4i5j6k7l8m9n,overseas,business_group,"상인회 회원 베트남 호치민 경제 시찰, 많은 영감을 얻었습니다",호치민의 활기찬 시장 경제를 직접 보고 느끼며 회원들 간의 사업 아이디어를 공유했습니다.,"대형 유통 매장과 전통 시장의 대비를 통해 유통 흐름을 파악하는 유익한 시간이었습니다. 인솔자가 현지 비즈니스 관습까지 설명해주어 단순 관광 이상의 깊이 있는 연수가 되었습니다. 이동 중 제공된 한식 도시락과 현지 특식의 조화가 훌륭하여 식사 만족도가 높았습니다.",상인회,베트남,호치민,"[""상인회"", ""경제시찰"", ""30명여행""]",2025-06-05,2025-06-12,4.8,,False,24,approved,,manual_admin,2025-06-12 16:00:00,admin,2025-06-12 16:20:00,2025-06-12 15:00:00,2025-06-12 16:00:00
a6b7c8d9-e0f1-4g2h-3i4j-5k6l7m8n9o0p,z5a6b7c8-d9e0-4f1g-2h3i-4j5k6l7m8n9o,overseas,association,"협회 회원 아이슬란드 레이캬비크 탐방, 자연의 경이로움을 만끽했습니다",쉽게 가기 힘든 아이슬란드 일정을 40명의 대인원이 안전하게 소화했습니다.,"강풍과 눈 등 기상 변화가 심한 지역임에도 베테랑 운전기사와 가이드 덕분에 일정이 원활하게 진행되었습니다. 오로라 헌팅 투어와 골든 서클 방문 등 핵심 코스가 빠짐없이 포함되어 협회원들의 감동이 컸습니다. 호텔의 난방 시설과 조식 퀄리티가 훌륭하여 매일 아침 상쾌하게 일정을 시작했습니다.",협회모임,아이슬란드,레이캬비크,"[""협회모임"", ""자연경관"", ""40명여행""]",2025-12-15,2025-12-25,5.0,,True,25,approved,,manual_admin,2025-12-25 10:00:00,admin,2025-12-25 10:25:00,2025-12-25 09:00:00,2025-12-25 10:00:00
b7c8d9e0-f1g2-4h3i-4j5k-6l7m8n9o0p1q,a6b7c8d9-e0f1-4g2h-3i4j-5k6l7m8n9o0p,domestic,small_group,"원우회 전주 한옥 마을 체험 여행, 전통의 멋을 느낀 시간이었습니다",원우 12명과 함께 전주의 고즈넉한 한옥에서 보낸 하룻밤은 특별한 경험이었습니다.,"전통 한옥 숙소였지만 현대적인 편의시설이 잘 갖춰져 있어 불편함이 전혀 없었습니다. 현지 가이드가 추천해준 비빔밥과 막걸리 골목 탐방은 원우들 간의 우애를 다지기에 더할 나위 없었습니다. 이동 시 15인승 밴을 이용해 좁은 골목까지 편리하게 이동한 점이 좋았습니다.",원우회,한국,전주,"[""원우회"", ""문화체험"", ""12명여행""]",2025-03-22,2025-03-24,4.9,,False,26,approved,,manual_admin,2025-03-24 14:00:00,admin,2025-03-24 14:10:00,2025-03-24 13:00:00,2025-03-24 14:00:00
c8d9e0f1-g1h2-4i3j-4k5l-6m7n8o9p0q1r,b7c8d9e0-f1g2-4h3i-4j5k-6l7m8n9o0p1q,overseas,executive_group,"최고경영자과정 뉴질랜드 오클랜드 골프 여행, 라운딩 만족도가 높았습니다",명문 골프장에서 즐긴 쾌적한 라운딩과 대표님들을 위한 세심한 의전이 훌륭했습니다.,"골프장 티타임 확보부터 클럽 하우스 식사까지 모든 과정이 막힘없이 진행되었습니다. 라운딩 후 진행된 현지 최고급 스테이크 만찬은 참석하신 모든 원우님들이 극찬하셨습니다. 숙소에서 시내 중심가까지의 접근성이 좋아 저녁 자유 시간 활용도도 매우 높았습니다.",최고경영자과정모임,뉴질랜드,오클랜드,"[""최고경영자과정모임"", ""골프여행"", ""VIP의전""]",2026-01-20,2026-01-30,4.9,,True,27,approved,,manual_admin,2026-01-30 09:00:00,admin,2026-01-30 09:20:00,2026-01-30 08:30:00,2026-01-30 09:00:00
d9e0f1g2-h2i3-4j4k-5l6m-7n8o9p0q1r2s,c8d9e0f1-g1h2-4i3j-4k5l-6m7n8o9p0q1r,domestic,small_group,"소규모 단체 부산 요트 및 미식 여행, 알찬 2박 3일이었습니다",친목 모임 15명이 즐기기에 부족함 없는 숙소와 화려한 야경 투어가 인상적이었습니다.,"해운대 요트 투어 시 우리 팀만을 위한 단독 대절 서비스를 제공받아 매우 특별한 기분이었습니다. 부산의 대표적인 맛집들을 줄 서지 않고 바로 입장할 수 있도록 사전에 조율해주어 시간을 아낄 수 있었습니다. 가이드의 친절한 설명과 사진 촬영 서비스 덕분에 멋진 추억을 많이 남겼습니다.",소규모단체,한국,부산,"[""소규모단체"", ""미식여행"", ""15명여행""]",2025-09-18,2025-09-21,4.8,,False,28,approved,,manual_admin,2025-09-21 16:30:00,admin,2025-09-21 16:45:00,2025-09-21 15:00:00,2025-09-21 16:30:00
e0f1g2h3-i3j4-4k5l-6m7n-8o9p0q1r2s3t,d9e0f1g2-h2i3-4j4k-5l6m-7n8o9p0q1r2s,overseas,senior_group,"시니어 모임 싱가포르 시티 투어, 안전하고 편안한 이동에 만족했습니다",연령대가 높은 시니어 회원들을 위한 무리 없는 도보 동선과 쾌적한 전용 차량이 돋보였습니다.,"가든스 바이 더 베이와 마리나 베이 샌즈 등 핵심 관광지를 지치지 않고 즐길 수 있도록 배려한 일정이 좋았습니다. 식사 때마다 한국인 입맛에 맞는 현지 식당을 엄선해주어 회원들이 매우 기뻐하셨습니다. 저녁 야경 투어 시에도 인원 관리가 철저하여 마음 놓고 관광을 즐길 수 있었습니다.",시니어모임,싱가포르,싱가포르,"[""시니어모임"", ""시티투어"", ""동선안정""]",2026-11-05,2026-11-10,4.7,,False,29,approved,,manual_admin,2026-11-10 11:00:00,admin,2026-11-10 11:15:00,2026-11-10 10:00:00,2026-11-10 11:00:00
f1g2h3i4-j4k5-4l6m-7n8o-9p0q1r2s3t4u,e0f1g2h3-i3j4-4k5l-6m7n-8o9p0q1r2s3t,overseas,business_group,"사업자 모임 말레이시아 코타키나발루 휴양, 재충전의 시간이었습니다",사업에 지친 회원들이 아름다운 자연 속에서 휴식하며 친목을 다지는 유익한 일정이었습니다.,"석양 투어와 반딧불 투어 등 힐링 코스가 잘 짜여 있어 참여한 회원들의 스트레스 해소에 큰 도움이 되었습니다. 리조트 내 수영장과 부대시설 이용 시간이 넉넉하여 단체 여행임에도 불구하고 개인적인 휴식을 취하기 좋았습니다. 가이드가 회원 개개인의 컨디션을 수시로 체크해주는 세심함이 돋보였습니다.",사업자모임,말레이시아,코타키나발루,"[""사업자모임"", ""힐링여행"", ""재충전""]",2025-10-12,2025-10-17,4.8,,False,30,approved,,manual_admin,2025-10-17 14:00:00,admin,2025-10-17 14:20:00,2025-10-17 13:00:00,2025-10-17 14:00:00
g2h3i4j5-k5l6-4m7n-8o9p-0q1r2s3t4u5v,f1g2h3i4-j4k5-4l6m-7n8o-9p0q1r2s3t4u,domestic,hiking_group,"산악회 회원들과 함께한 제주 한라산 원정, 완벽한 서포트였습니다",등반 허가부터 하산 지점 차량 대기까지 산악회 회원들의 편의를 최우선으로 고려했습니다.,"한라산의 기상 변화에 맞춰 일정을 유연하게 변경해주어 모두가 안전하게 산행을 마칠 수 있었습니다. 하산 후 들른 흑돼지 전문 식당은 넓은 좌석과 맛있는 고기로 회원들의 평이 아주 좋았습니다. 숙소의 위치가 산행 전후 이동하기에 매우 최적화되어 있어 피로도가 낮았습니다.",산악회,한국,제주,"[""산악회"", ""산행여행"", ""40명여행""]",2026-01-05,2026-01-08,4.9,,False,31,approved,,manual_admin,2026-01-08 17:00:00,admin,2026-01-08 17:15:00,2026-01-08 16:00:00,2026-01-08 17:00:00
h3i4j5k6-l6m7-4n8o-9p0q-1r2s3t4u5v6w,g2h3i4j5-k5l6-4m7n-8o9p-0q1r2s3t4u5v,overseas,couple_group,"부부동반 모임 뉴질랜드 오클랜드 힐링 투어, 대만족이었습니다",부부 12쌍이 참여한 이번 여행은 탁 트인 뉴질랜드의 풍경과 안락한 이동이 핵심이었습니다.,"장거리 이동이 많은 국가임에도 불구하고 버스 시트의 안락함과 정기적인 휴게소 방문으로 피로감이 전혀 없었습니다. 현지 가정식 체험과 와이너리 투어 등 부부들이 좋아할 만한 요소들이 곳곳에 배치되어 있었습니다. 가이드의 친절한 인솔 덕분에 모든 부부가 즐거운 추억을 남기고 돌아왔습니다.",부부동반모임,뉴질랜드,오클랜드,"[""부부동반모임"", ""힐링여행"", ""24명여행""]",2026-03-14,2026-03-24,5.0,,True,32,approved,,manual_admin,2026-03-24 11:00:00,admin,2026-03-24 11:30:00,2026-03-24 10:00:00,2026-03-24 11:00:00
i4j5k6l7-m7n8-4o9p-0q1r-2s3t4u5v6w7x,h3i4j5k6-l6m7-4n8o-9p0q-1r2s3t4u5v6w,overseas,alumni_group,"동문회 이탈리아 로마 역사 탐방, 동문들 간의 우애를 다졌습니다",로마의 유적지를 30명의 동문이 전문 가이드와 함께 심도 있게 탐방한 유익한 시간이었습니다.,"단체 관광임에도 불구하고 개별 수신기를 지급받아 가이드의 설명을 놓치지 않고 들을 수 있었습니다. 저녁마다 로마 시내의 운치 있는 레스토랑에서 즐긴 정찬은 동문들 간의 대화를 더욱 풍성하게 했습니다. 숙소가 주요 관광지 근처에 위치해 있어 이른 아침이나 늦은 저녁 산책하기에 너무 좋았습니다.",동문회,이탈리아,로마,"[""동문회"", ""역사탐방"", ""30명여행""]",2025-05-30,2025-06-10,4.8,,False,33,approved,,manual_admin,2025-06-10 15:00:00,admin,2025-06-10 15:20:00,2025-06-10 14:00:00,2025-06-10 15:00:00
j5k6l7m8-n8o9-4p0q-1r2s-3t4u5v6w7x8y,i4j5k6l7-m7n8-4o9p-0q1r-2s3t4u5v6w7x,domestic,business_group,"상인회 제주도 우수 회원 워크숍, 짧지만 강력한 힐링이었습니다",30명의 상인회 우수 회원들이 제주도의 자연을 즐기며 사업 의지를 다지는 좋은 기회였습니다.,"제주 향토 음식 위주의 식단 구성이 회원들의 입맛을 사로잡았고 식사 장소의 규모도 적절했습니다. 이동 동선이 꼬이지 않게 동부와 서부를 효율적으로 나누어 관광한 점이 만족스러웠습니다. 인솔자가 회원들의 요구사항을 즉각적으로 처리해주는 서비스 정신이 인상적이었습니다.",상인회,한국,제주,"[""상인회"", ""워크숍"", ""30명여행""]",2025-07-08,2025-07-11,4.7,,False,34,approved,,manual_admin,2025-07-11 11:30:00,admin,2025-07-11 11:45:00,2025-07-11 10:30:00,2025-07-11 11:30:00
k6l7m8n9-o9p0-4q1r-2s3t-4u5v6w7x8y9z,j5k6l7m8-n8o9-4p0q-1r2s-3t4u5v6w7x8y,overseas,executive_group,"최고경영자과정 스위스 루체른 연수, 품격 있는 일정이었습니다",루체른의 호수 뷰 호텔과 프라이빗한 산악 열차 투어로 원우님들의 자부심을 높였습니다.,"알프스 산맥의 절경을 배경으로 진행된 세미나는 몰입도가 매우 높았으며 운영 지원 또한 완벽했습니다. 저녁 만찬 시 제공된 현지 프리미엄 와인과 요리의 페어링은 이번 여행의 품격을 말해주었습니다. 가이드의 해박한 지식 덕분에 스위스의 문화와 경제에 대해 깊이 있게 이해할 수 있었습니다.",최고경영자과정모임,스위스,루체른,"[""최고경영자과정모임"", ""해외연수"", ""품격여행""]",2026-06-22,2026-07-01,5.0,,True,35,approved,,manual_admin,2026-07-01 10:00:00,admin,2026-07-01 10:30:00,2026-07-01 09:00:00,2026-07-01 10:00:00
l7m8n9o0-p0q1-4r2s-3t4u-5v6w7x8y9z0a,k6l7m8n9-o9p0-4q1r-2s3t-4u5v6w7x8y9z,overseas,association,"협회 회원 방콕 미식 및 문화 탐방, 다채로운 즐거움이 있었습니다",40명의 협회원이 함께한 이번 여행은 방콕의 화려한 사원과 맛있는 길거리 음식까지 두루 경험했습니다.,"대규모 인원이 움직임에도 불구하고 식당 입장과 관람 예약이 미리 완료되어 대기 없이 진행되었습니다. 가이드가 추천해준 고급 태국 요리 전문점은 분위기가 매우 훌륭하여 회원들의 만족도가 상당했습니다. 일정 중 마련된 자유 쇼핑 시간은 회원들의 개별 니즈를 충족시키기에 충분했습니다.",협회모임,태국,방콕,"[""협회모임"", ""미식투어"", ""40명여행""]",2025-11-12,2025-11-18,4.8,,False,36,approved,,manual_admin,2025-11-18 14:00:00,admin,2025-11-18 14:20:00,2025-11-18 13:00:00,2025-11-18 14:00:00
m8n9o0p1-q1r2-4s3t-4u5v-6w7x8y9z0a1b,l7m8n9o0-p0q1-4r2s-3t4u-5v6w7x8y9z0a,overseas,small_group,"소규모 단체 도쿄 디자인 투어, 트렌디한 감각을 충전하고 왔습니다",디자인에 관심 있는 지인 12명이 모여 도쿄의 힙한 명소들을 효율적으로 돌아본 여행이었습니다.,"대형 버스로는 가기 힘든 좁은 골목의 편집숍과 갤러리들을 전용 차량을 통해 편리하게 방문했습니다. 가이드가 디자인과 예술에 대한 조예가 깊어 각 장소의 의미를 설명해주는 점이 매우 유익했습니다. 숙소의 위치가 시부야 중심가라 저녁 시간에도 개인적으로 둘러보기에 최적이었습니다.",소규모단체,일본,도쿄,"[""소규모단체"", ""디자인투어"", ""12명여행""]",2026-05-04,2026-05-09,4.9,,False,37,approved,,manual_admin,2026-05-09 11:30:00,admin,2026-05-09 11:45:00,2026-05-09 10:30:00,2026-05-09 11:30:00
n9o0p1q2-r2s3-4t4u-5v6w-7x8y9z0a1b2c,m8n9o0p1-q1r2-4s3t-4u5v-6w7x8y9z0a1b,domestic,senior_group,"시니어 친목회 제주 억새 여행, 가을의 낭만을 가득 느끼고 왔습니다",어르신 20명과 함께한 가을 제주 여행은 무리한 산행 대신 완만한 산책로 위주로 구성되어 좋았습니다.,"억새가 만발한 산책로를 가이드와 함께 천천히 걸으며 사진도 찍고 담소를 나눈 시간이 매우 여유로웠습니다. 매일 제공된 전복죽과 갈치조림 등 제주 보양식은 어르신들의 기력을 챙기기에 충분했습니다. 차량 내부에 항상 준비된 따뜻한 차와 간식 서비스가 시니어 회원들에게 호평을 받았습니다.",시니어모임,한국,제주,"[""시니어모임"", ""가을여행"", ""20명여행""]",2025-04-29,2025-05-02,4.8,,False,38,approved,,manual_admin,2025-05-02 09:30:00,admin,2025-05-02 09:40:00,2025-05-02 08:00:00,2025-05-02 09:30:00
o0p1q2r3-s3t4-4u5v-6w7x-8y9z0a1b2c3d,n9o0p1q2-r2s3-4t4u-5v6w-7x8y9z0a1b2c,overseas,executive_group,"최고경영자 모임 이탈리아 피렌체 와인 투어, 대표님들의 찬사를 받았습니다",토스카나의 아름다운 풍경과 명품 와이너리 방문이 조화로운 명품 일정이었습니다.,"대표님들이 좋아하시는 프라이빗 와이너리 투어는 예약 과정부터 현지 통역까지 완벽하게 준비되었습니다. 숙소로 사용한 고성 호텔은 역사와 현대적 시설이 잘 어우러져 숙박 자체만으로도 훌륭한 경험이었습니다. 전 일정 동안 비즈니스 클래스급 차량을 제공해주어 이동 중에도 편안한 휴식이 가능했습니다.",최고경영자모임,이탈리아,피렌체,"[""최고경영자모임"", ""와인투어"", ""품격여행""]",2025-10-18,2025-10-28,5.0,,True,39,approved,,manual_admin,2025-10-28 17:00:00,admin,2025-10-28 17:30:00,2025-10-28 16:00:00,2025-10-28 17:00:00
p1q2r3s4-t4u5-4v6w-7x8y-9z0a1b2c3d4e,o0p1q2r3-s3t4-4u5v-6w7x-8y9z0a1b2c3d,overseas,hiking_group,"산악회 뉴질랜드 트레킹 원정, 대자연과 함께한 도전적인 시간이었습니다",뉴질랜드의 험난하면서도 아름다운 코스를 산악회 회원 30명이 안전하게 완주했습니다.,"현지 등반 가이드와 한국어 가이드가 협업하여 회원들의 안전과 편의를 이중으로 체크해주어 안심이 되었습니다. 산행 후 리조트에서 즐긴 바비큐 파티는 회원들 간의 끈끈한 유대감을 느끼기에 충분했습니다. 고난도 코스와 휴식 코스를 적절히 배분하여 체력 관리가 수월했던 점이 좋았습니다.",산악회,뉴질랜드,퀸스타운,"[""산악회"", ""트레킹"", ""30명여행""]",2026-02-25,2026-03-05,4.9,,False,40,approved,,manual_admin,2026-03-05 10:00:00,admin,2026-03-05 10:15:00,2026-03-05 09:00:00,2026-03-05 10:00:00
q2r3s4t5-u5v6-4w7x-8y9z-0a1b2c3d4e5f,p1q2r3s4-t4u5-4v6w-7x8y-9z0a1b2c3d4e,overseas,alumni_group,"대학원 동문회 베트남 하노이 크루즈 여행, 색다른 즐거움이었습니다",하롱베이의 비경을 크루즈에서 즐기며 동문들과 보낸 하룻밤은 잊지 못할 추억이 되었습니다.,"대형 크루즈 내 객실 시설이 훌륭하여 단체 여행임에도 불구하고 개인의 프라이버시가 잘 보장되었습니다. 선상에서 진행된 갈라 디너는 분위기와 음식 맛 모두 최상급이었으며 동문들이 매우 즐거워했습니다. 하노이 시내 관광 시에도 대기 없는 차량 운영 덕분에 일정이 매우 매끄러웠습니다.",대학원동문모임,베트남,하노이,"[""대학원동문모임"", ""크루즈여행"", ""화합여행""]",2026-04-12,2026-04-18,4.8,,False,41,approved,,manual_admin,2026-04-18 15:00:00,admin,2026-04-18 15:20:00,2026-04-18 14:00:00,2026-04-18 15:00:00
r3s4t5u6-v6w7-4x8y-9z0a-1b2c3d4e5f6g,q2r3s4t5-u5v6-4w7x-8y9z-0a1b2c3d4e5f,overseas,business_group,"상인회 싱가포르 선진 유통망 견학, 많은 것을 배웠습니다",싱가포르의 효율적인 물류 시스템과 유통 구조를 직접 확인하며 많은 통찰을 얻은 기회였습니다.,"전문적인 견학 일정 외에도 유니버설 스튜디오 방문 등 재미있는 코스가 섞여 있어 연수의 질이 높았습니다. 도심 내 이동 시 소요 시간을 정확히 예측하여 일정에 차질이 없도록 관리해준 점이 훌륭했습니다. 숙소 컨디션과 주변 인프라가 좋아 저녁 시간의 개별 활동도 매우 즐거웠습니다.",상인회,싱가포르,싱가포르,"[""상인회"", ""유통견학"", ""25명여행""]",2025-09-20,2025-09-27,4.7,,False,42,approved,,manual_admin,2025-09-27 13:00:00,admin,2025-09-27 13:15:00,2025-09-27 12:00:00,2025-09-27 13:00:00
s4t5u6v7-w7x8-4y9z-0a1b-2c3d4e5f6g7h,r3s4t5u6-v6w7-4x8y-9z0a-1b2c3d4e5f6g,overseas,executive_group,"최고경영자과정 도쿄 비즈니스 인사이트 투어, 실속 있는 일정이었습니다",도쿄의 최신 트렌드를 엿볼 수 있는 명소들과 원우님들의 교류를 위한 고급 다이닝이 돋보였습니다.,"명품 거리 긴자 투어와 오모테산도의 감각적인 건축물 탐방은 원우님들의 안목을 넓히기에 충분했습니다. 일정 중간에 들른 전통 찻집에서의 고요한 휴식 시간이 복잡한 도심 여행의 피로를 씻어주었습니다. 가이드의 세심한 의전과 효율적인 인원 통제 덕분에 모든 일정이 계획대로 진행되었습니다.",최고경영자과정모임,일본,도쿄,"[""최고경영자과정모임"", ""비즈니스투어"", ""20명여행""]",2025-12-12,2025-12-18,4.9,,True,43,approved,,manual_admin,2025-12-18 10:30:00,admin,2025-12-18 10:45:00,2025-12-18 09:00:00,2025-12-18 10:30:00
t5u6v7w8-x8y9-4z0a-1b2c-3d4e5f6g7h8i,s4t5u6v7-w7x8-4y9z-0a1b-2c3d4e5f6g7h,domestic,association,"협회 회원 제주 골프 및 휴양 여행, 원활한 진행에 감사드립니다",30명의 협회원이 함께한 제주 골프 투어는 명문 구장 섭외와 부대 서비스가 매우 훌륭했습니다.,"라운딩 전후의 식사 장소 선정과 메뉴 구성이 남달라 협회원들 사이에서 칭찬이 자자했습니다. 골프를 치지 않는 회원들을 위해 별도의 힐링 코스를 마련해준 유연한 대처가 돋보였습니다. 호텔 객실 배정 시 바다 전망을 최대한 반영해준 세심한 배려에 감동받았습니다.",협회모임,한국,제주,"[""협회모임"", ""골프휴양"", ""30명여행""]",2025-08-05,2025-08-08,4.8,,False,44,approved,,manual_admin,2025-08-08 16:00:00,admin,2025-08-08 16:15:00,2025-08-08 15:00:00,2025-08-08 16:00:00
u6v7w8x9-y9z0-4a1b-2c3d-4e5f6g7h8i9j,t5u6v7w8-x8y9-4z0a-1b2c-3d4e5f6g7h8i,overseas,couple_group,"부부동반 모임 스위스 알프스 기차 여행, 풍경만큼이나 일정도 완벽했습니다",기차를 타고 즐기는 스위스의 비경과 부부들의 편안한 휴식이 어우러진 최고급 여행이었습니다.,"스위스 트래블 패스를 활용한 효율적인 이동과 전용 짐 서비스 덕분에 부부들이 가볍게 여행을 즐겼습니다. 융프라우요흐에서의 점심 식사는 분위기와 맛 모두 훌륭하여 단체 여행의 즐거움을 더했습니다. 저녁마다 제공된 현지 특식과 와인은 부부들 간의 친밀도를 높이는 데 큰 역할을 했습니다.",부부동반모임,스위스,인터라켄,"[""부부동반모임"", ""기차여행"", ""자연경관""]",2026-07-30,2026-08-10,5.0,,True,45,approved,,manual_admin,2026-08-10 11:00:00,admin,2026-08-10 11:30:00,2026-08-10 10:00:00,2026-08-10 11:00:00
v7w8x9y0-z0a1-4b2c-3d4e-5f6g7h8i9j0k,u6v7w8x9-y9z0-4a1b-2c3d-4e5f6g7h8i9j,overseas,business_group,"사업자 모임 오사카 경제 탐방, 현지 트렌드를 제대로 읽었습니다",오사카의 주요 상권을 30명의 사업자가 함께 둘러보며 인사이트를 나눈 알찬 일정이었습니다.,"복잡한 상권 내에서도 인원 관리가 철저하여 한 명도 이탈 없이 안전하게 시찰을 마쳤습니다. 인솔자가 현지 사업자들과의 네트워킹 시간을 주선해주어 예상치 못한 비즈니스 기회를 얻기도 했습니다. 숙소 인근에 맛집들이 많아 저녁 자유 시간에도 풍성한 미식을 즐길 수 있었습니다.",사업자모임,일본,오사카,"[""사업자모임"", ""경제탐방"", ""30명여행""]",2026-10-15,2026-10-20,4.8,,False,46,approved,,manual_admin,2026-10-20 14:00:00,admin,2026-10-20 14:15:00,2026-10-20 13:00:00,2026-10-20 14:00:00
w8x9y0z1-a1b2-4c3d-4e5f-6g7h8i9j0k1l,v7w8x9y0-z0a1-4b2c-3d4e-5f6g7h8i9j0k,overseas,senior_group,"시니어 친목회 베트남 다낭 힐링 여행, 이동이 너무 편했습니다",걷는 일정을 최소화하고 마사지와 맛집 위주로 구성되어 시니어 회원들이 매우 만족하셨습니다.,"전용 대형 버스가 이동 때마다 바로 앞에 대기하고 있어 어르신들이 무더위에 고생하지 않으셨습니다. 가이드가 한국어에 능숙하고 유머러스하여 이동 중에도 지루할 틈이 없었습니다. 숙소 내 조식 퀄리티가 훌륭하여 어르신들이 아침 식사를 매번 챙겨 드실 정도로 만족하셨습니다.",시니어모임,베트남,다낭,"[""시니어모임"", ""힐링여행"", ""이동편안""]",2025-01-20,2025-01-27,4.7,,False,47,approved,,manual_admin,2025-01-27 10:30:00,admin,2025-01-27 10:45:00,2025-01-27 09:30:00,2025-01-27 10:30:00
x9y0z1a2-b2c3-4d4e-5f6g-7h8i9j0k1l2m,w8x9y0z1-a1b2-4c3d-4e5f-6g7h8i9j0k1l,domestic,small_group,"소규모 모임 강릉 경포대 우정 여행, 1박 2일의 행복이었습니다",친구 10명이 함께한 이번 여행은 탁 트인 바다 뷰 숙소와 신선한 회 한 상이 백미였습니다.,"단체 여행이라기보다 친구들끼리 오붓하게 여행하는 느낌을 살려주면서도 중요한 예약은 다 되어 있어 편리했습니다. 가이드가 추천해준 해안가 카페는 분위기가 너무 좋아 다들 사진 찍느라 정신이 없었습니다. 다음 모임 여행도 이곳을 통해 진행하고 싶을 정도로 만족스러운 운영이었습니다.",소규모단체,한국,강릉,"[""소규모단체"", ""우정여행"", ""10명여행""]",2026-11-18,2026-11-20,4.9,,False,48,approved,,manual_admin,2026-11-20 09:00:00,admin,2026-11-20 09:10:00,2026-11-20 08:30:00,2026-11-20 09:00:00
y0z1a2b3-c3d4-4e5f-6g7h-8i9j0k1l2m3n,x9y0z1a2-b2c3-4d4e-5f6g-7h8i9j0k1l2m,overseas,executive_group,"최고경영자 모임 대만 타이베이 투어, 품격과 재미를 모두 잡았습니다",대표님 15분과 함께한 타이베이 여행은 정갈한 식사와 세심한 가이드 서비스가 압권이었습니다.,"타이베이 101 빌딩의 전망대 관람과 전용 룸에서 즐긴 딤섬 만찬은 참석하신 모든 분들께 좋은 평가를 받았습니다. 단체 이동임에도 불구하고 각 대표님의 개별 요구사항을 가이드가 놓치지 않고 챙겨주었습니다. 숙소로 선정된 5성급 호텔의 위치와 서비스가 여행의 질을 한층 높여주었습니다.",최고경영자모임,대만,타이베이,"[""최고경영자모임"", ""미식여행"", ""15명여행""]",2025-06-25,2025-06-30,5.0,,True,49,approved,,manual_admin,2025-06-30 16:30:00,admin,2025-06-30 16:45:00,2025-06-30 15:00:00,2025-06-30 16:30:00